{"key":[null,null,null,null,null],"RT":[[0,300.3000000026077,0],[0,464.3999999971129,0],[0,256.39999998384155,0],[0,255.700000008801,0],[0,434.60000000777654,0]],"response":[[0,1,0],[0,1,0],[0,1,0],[0,1,0],[0,1,0]],"correct":[null,null,null,null,null],"framerate":[59.98720273040746,60.01731268603196,60.11066398397733,60.00037855150053,60.00130437578849]}
